loc,name,num_vids,obj_id,popular
/video?c=28,Mature,"36,631",28,True
/categories/teen,Teen (18+),"252,914",37,True
/video?c=29,MILF,"150,983",29,True
/video?c=17,Ebony,"43,843",17,True
/video?c=35,Anal,"105,778",35,True
/video?c=181,Old/Young (18+),"36,843",181,True
/video?c=27,Lesbian,"41,695",27,True
/video?c=65,Threesome,"42,171",65,True
/video?c=111,Japanese,"32,711",111,True
/categories/hentai,Hentai,"15,612",36,True
/video?c=105,60FPS,111 922,105,
/video?c=3,Amateur,388 789,3,
/video?c=35,Anal,105 778,35,
/video?c=98,Arab,16 830,98,
/video?c=1,Asian,57 826,1,
/categories/babe,Babe,251 303,5,
/video?c=89,Babysitter (18+),11 898,89,
/video?c=6,BBW,49 598,6,
/video?c=141,Behind The Scenes,10 062,141,
/video?c=4,Big Ass,249 329,4,
/video?c=7,Big Dick,188 351,7,
/video?c=8,Big Tits,232 283,8,
/video?c=76,Bisexual Male,2 710,76,
/video?c=9,Blonde,125 913,9,
/video?c=13,Blowjob,235 729,13,
/video?c=10,Bondage,24 469,10,
/video?c=102,Brazilian,15 236,102,
/video?c=96,British,18 524,96,
/video?c=11,Brunette,176 060,11,
/video?c=14,Bukkake,7 473,14,
/video?c=86,Cartoon,33 954,86,
/video?c=90,Casting,12 670,90,
/video?c=12,Celebrity,10 942,12,
/video?c=732,Closed Captions,1 494,732,
/categories/college,College (18+),28 904,79,
/video?c=57,Compilation,19 099,57,
/video?c=241,Cosplay,19 673,241,
/video?c=15,Creampie,98 873,15,
/video?c=242,Cuckold,11 627,242,
/video?c=16,Cumshot,168 198,16,
/video?c=100,Czech,11 510,100,
/described-video,Described Video,41,231,
/video?c=72,Double Penetration,17 750,72,
/video?c=17,Ebony,43 843,17,
/video?c=55,Euro,6 380,55,
/video?c=115,Exclusive,366 562,115,
/video?c=93,Feet,32 226,93,
/video?c=502,Female Orgasm,135 462,502,
/video?c=18,Fetish,125 404,18,
/video?c=592,Fingering,10 189,592,
/video?c=19,Fisting,13 851,19,
/video?c=94,French,16 099,94,
/video?c=32,Funny,1 134,32,
/video?c=80,Gangbang,13 143,80,
/video?c=95,German,18 447,95,
/video?c=20,Handjob,75 086,20,
/video?c=21,Hardcore,204 293,21,
/hd,HD Porn,228,38,
/categories/hentai,Hentai,15 612,36,
/video?c=101,Indian,15 083,101,
/interactive,Interactive,363,108,
/video?c=25,Interracial,41 003,25,
/video?c=97,Italian,16 675,97,
/video?c=111,Japanese,32 711,111,
/video?c=103,Korean,4 690,103,
/video?c=26,Latina,81 867,26,
/video?c=27,Lesbian,41 695,27,
/video?c=78,Massage,19 218,78,
/video?c=22,Masturbation,139 624,22,
/video?c=28,Mature,36 631,28,
/video?c=29,MILF,150 983,29,
/video?c=512,Muscular Men,17 552,512,
/video?c=121,Music,9 125,121,
/video?c=181,Old/Young (18+),36 843,181,
/video?c=2,Orgy,13 266,2,
/video?c=201,Parody,10 357,201,
/video?c=53,Party,9 725,53,
/video?c=211,Pissing,17 011,211,
/popularwithwomen,Popular With Women,11 312,73,
/categories/pornstar,Pornstar,193 362,30,
/video?c=41,POV,144 243,41,
/video?c=24,Public,44 134,24,
/video?c=131,Pussy Licking,63 779,131,
/video?c=31,Reality,99 487,31,
/video?c=42,Red Head,37 829,42,
/video?c=81,Role Play,39 996,81,
/video?c=522,Romantic,32 682,522,
/video?c=67,Rough Sex,95 928,67,
/video?c=99,Russian,33 616,99,
/video?c=88,School (18+),16 622,88,
/sfw,SFW,1 919,221,
/video?c=59,Small Tits,114 836,59,
/video?c=91,Smoking,13 002,91,
/video?c=492,Solo Female,154 388,492,
/video?c=92,Solo Male,5 962,92,
/video?c=69,Squirt,46 975,69,
/video?c=444,Step Fantasy,64 424,444,
/video?c=542,Strap On,4 361,542,
/video?c=33,Striptease,4 335,33,
/video?c=562,Tattooed Women,58 511,562,
/categories/teen,Teen (18+),252 914,37,
/video?c=65,Threesome,42 171,65,
/video?c=23,Toys,99 592,23,
/transgender,Transgender,32 464,83,
/video?c=138,Verified Amateurs,562 537,138,
/video?c=482,Verified Couples,89 013,482,
/video?c=139,Verified Models,56 831,139,
/video?c=43,Vintage,3 528,43,
/vr,Virtual Reality,4 313,104,
/video?c=61,Webcam,19 459,61,
