title,size,release
Elden Ring,68.11 GB,2022 г.
Total War: WARHAMMER 3,111.45 ГБ,2022 г.
Red Dead Redemption 2,108.11 GB,2019 г.
FINAL FANTASY 14 Online,4.66 ГБ,2014 г.
Dead by Daylight,39.95 ГБ,2016 г.
Sea of Thieves,94 ГБ,2020 г.
Grand Theft Auto 5,111.18 ГБ,2015 г.
Bodycam,26.6 GB,2024 г.
Tom Clancy's Rainbow Six Siege,32.08 ГБ,2015 г.
Ready or Not,32.22 ГБ,2023 г.
Rust,17.5 GB,2018 г.
Ghost of Tsushima DIRECTOR'S CUT,38.36 GB,2024 г.
Total War: WARHAMMER 2,38.84 ГБ,2017 г.
Guilty Gear Strive,17.05 ГБ,2021 г.
"Warhammer 40,000: Space Marine 2",69.26 ГБ,2024 г.
Diablo 4,83 ГБ,2023 г.
Assassins Creed Odyssey,55.1 ГБ,2018 г.
Arma 3,77.03 ГБ,2013 г.
The Elder Scrolls Online,29.98 ГБ,2014 г.
Total War: WARHAMMER,14.13 ГБ,2016 г.
Hades 2,3.15 GB,2024 г.
Tom Clancy's Ghost Recon Wildlands,37.24 ГБ,2017 г.
Black Desert,55 ГБ,2017 г.
Company of Heroes 3,16.45 GB,2023 г.
Mortal Kombat 1,23.5 GB,2023 г.
Dead Island 2,45.09 ГБ,2024 г.
Party Animals,4.38 ГБ,2023 г.
Tekken 8,96.96 GB,2024 г.
Cyberpunk 2077,78.61 GB,2020 г.
iRacing,1.83 GB,2015 г.
ARK: Survival Evolved,42.44 ГБ,2017 г.
Call of Duty: Black Ops 3,138.38 ГБ,2015 г.
ARK: Survival Ascended,116 GB,2023 г.
GTA: San Andreas - Definitive Edition,14.14 ГБ,2023 г.
Drug Dealer Simulator 2,20.21 GB,2024 г.
Palworld,18.52 GB,2024 г.
Remnant 2,76.45 ГБ,2023 г.
Last Epoch,22.15 GB,2024 г.
Tom Clancy’s Ghost Recon Breakpoint,63.11 ГБ,2023 г.
Beat Saber,3.56 ГБ,2019 г.
The Elder Scrolls 5: Skyrim Special Edition,11.67 GB,2016 г.
Valheim,1.10 ГБ,2021 г.
Chivalry 2,14.10 ГБ,2022 г.
Contraband Police,4.65 ГБ,2023 г.
Fallout 4,21.9 ГБ,2015 г.
Escape the Backrooms,16.54 ГБ,2022 г.
Ведьмак 3: Дикая Охота,35.21 ГБ,2015 г.
Sniper Elite 5,86.96 ГБ,2022 г.
Roboquest,4.71 ГБ,2023 г.
Resident Evil 4 Remake,44.77 ГБ,2023 г.
Half-Life: Alyx,67.89 GB,2020 г.
Tiny Tina's Wonderlands,28.27 ГБ,2022 г.
Avatar: Frontiers of Pandora,79.17 ГБ,2024 г.
Conan Exiles,69.38 ГБ,2018 г.
Resident Evil Village,24.24 ГБ,2021 г.
Euro Truck Simulator 2 - Vive la France !,6.53 GB,2016 г.
Getting Over It with Bennett Foddy,643.72 МБ,2017 г.
Hogwarts Legacy,75.72 ГБ,2023 г.
Euro Truck Simulator 2 - Italia,6.53 GB,2017 г.
Have a Nice Death,1.07 ГБ,2023 г.
Euro Truck Simulator 2 - Beyond the Baltic Sea,6.53 GB,2018 г.
No Rest for the Wicked,28.98 GB,2024 г.
Wallpaper Engine,8.84 ГБ,2018 г.
Street Fighter 6,51.47 ГБ,2023 г.
Vampire Survivors,204.8 МБ,2022 г.
Granblue Fantasy Versus: Rising,12.36 ГБ,2023 г.
Granblue Fantasy: Relink,99.7 ГБ,2024 г.
Horizon Forbidden West,147 GB,2024 г.
Euro Truck Simulator 2 - Road to the Black Sea,6.53 GB,2019 г.
GTA 4,13.2 ГБ,2020 г.
Dome Keeper,288.16 МБ,2022 г.
Atelier Ryza 3: Alchemist of the End & the Secret Key,14.28 ГБ,2023 г.
Insurgency: Sandstorm,15.40 ГБ,2018 г.
Mount and Blade 2: Bannerlord,30.54 ГБ,2022 г.
A Total War Saga: TROY,9.38 ГБ,2021 г.
HITMAN 3,75.95 ГБ,2022 г.
PANICORE,7.43 ГБ,2024 г.
Sifu,9.52 ГБ,2023 г.
FINAL FANTASY 7 REMAKE INTERGRADE,76.09 ГБ,2022 г.
Marvel's Spider-Man Remastered,80 GB,2022 г.
Blade and Sorcery,18.89 ГБ,2018 г.
Arma Reforger,9.06 ГБ,2023 г.
We Who Are About To Die,5.33 ГБ,2022 г.
Cult of the Lamb,3.51 ГБ,2022 г.
PAC-MAN WORLD Re-PAC,2.75 ГБ,2022 г.
DayZ,35.50 GB,2018 г.
Banishers: Ghosts of New Eden,51.54 GB,2024 г.
Battlefield 1,22.18 ГБ,2016 г.
Deep Rock Galactic,2.92 ГБ,2020 г.
Cuphead,4.36 ГБ,2017 г.
Resident Evil 7: Biohazard,24.96 ГБ,2017 г.
Total War: WARHAMMER 2 Rise of the Tomb Kings,33.66 GB,2018 г.
Overcooked! 2,5.67 ГБ,2018 г.
DARK SOULS 3,23.90 ГБ,2016 г.
Hollow Knight,853.75 МБ,2017 г.
Call of Duty: Black Ops 2,10.71 ГБ,2012 г.
Battlefield 2042,47.37 ГБ,2021 г.
Teardown,1.81 ГБ,2022 г.
The Outlast Trials,20.86 ГБ,2024 г.
Human: Fall Flat,1.68 ГБ,2016 г.
Terraria,699 МБ,2011 г.
Clothing Store Simulator,1.67 GB,2024 г.
Bullet Girls Phantasia,7.08 ГБ,2020 г.
Life is Strange: True Colors,15.16 ГБ,2021 г.
Sekiro: Shadows Die Twice,11.4 ГБ,2019 г.
Grounded,10.42 ГБ,2022 г.
Assassin’s Creed 4 Black Flag,5.16 ГБ,2014 г.
Nine Sols,11.46 ГБ,2024 г.
ULTRAKILL,1.51 ГБ,2020 г.
ANIMAL WELL,96.2 МБ,2024 г.
Castle Crashers,65.33 МБ,2012 г.
Total War: WARHAMMER 2 - Curse of the Vampire Coast,33.66 GB,2018 г.
Battle Brothers,1.8 ГБ,2017 г.
Euro Truck Simulator 2 Going East!,6.08 GB,2013 г.
OUTBRK,8.26 ГБ,2024 г.
DRAGON BALL XENOVERSE 2,18.35 ГБ,2016 г.
PILGRIM,701.2 MB,2024 г.
Life is Strange Remastered,24.7 ГБ,2022 г.
Among Us,332.52 МБ,2018 г.
Total War: ATTILA,11.77 ГБ,2015 г.
Kingdom Rush,186.10 МБ,2014 г.
Shadows of Doubt,1.5 ГБ,2023 г.
Nuclear Option,1.19 ГБ,2023 г.
V Rising,3.83 ГБ,2024 г.
Trepang2,32.45 ГБ,2023 г.
The Outer Worlds,32.8 ГБ,2020 г.
Outer Wilds Echoes of the Eye,10.98 ГБ,2021 г.
Pummel Party,1 ГБ,2018 г.
Thronefall,265.99 МБ,2023 г.
Still Wakes the Deep,7.41 ГБ,2024 г.
ANGER FOOT,2.14 ГБ,2024 г.
GTFO,6.49 ГБ,2021 г.
Batman: Arkham Origins,10.1 ГБ,2013 г.
Hades,8.59 ГБ,2020 г.
Kingdom Rush Vengeance,906 МБ,2020 г.
Фар Край 6,45.56 GB,2023 г.
The Binding of Isaac: Afterbirth+,863.1 МБ,2017 г.
Sakuna: Of Rice and Ruin,5.2 ГБ,2020 г.
BONELAB,10.88 ГБ,2022 г.
SYNTHETIK 2,4.81 ГБ,2021 г.
Crime Boss: Rockay City,86.50 GB,2024 г.
Who's Your Daddy?!,2.44 ГБ,2015 г.
Ship Graveyard Simulator 2,8.14 ГБ,2023 г.
Session: Skate Sim,4.48 ГБ,2022 г.
ROUNDS,337.94 МБ,2021 г.
Crosshair X,349.96 МБ,2020 г.
God of War (2022),26.99 ГБ,2022 г.
Call of Duty: Modern Warfare 2019,113.33 ГБ,2023 г.
Senua's Saga: Hellblade 2,49.59 GB,2024 г.
Backrooms: Escape Together,7.57 ГБ,2022 г.
Star Wars Jedi: Fallen Order,56.01 ГБ,2019 г.
Void Crew,2.21 GB,2023 г.
Wreckfest,22.02 ГБ,2018 г.
Call of Duty Black Ops,13.61 ГБ,2010 г.
Payday 3,35.1 GB,2023 г.
Heartbound,292 МБ,2018 г.
MONSTER HUNTER: WORLD,98.42 ГБ,2018 г.
Deadlink,2.07 ГБ,2023 г.
Arma 3 Contact,80.67 ГБ,2019 г.
Orcs Must Die! 3,6.90 ГБ,2021 г.
Remnant: From the Ashes,25.07 ГБ,2019 г.
Gestalt: Steam and Cinder,441 МБ,2024 г.
Enter the Gungeon,1.7 ГБ,2016 г.
"Warhammer 40,000: Boltgun",4.13 ГБ,2023 г.
Fate/Samurai Remnant,17.41 ГБ,2023 г.
Rise of the Tomb Raider,27.34 ГБ,2016 г.
Portal 2,10.33 ГБ,2011 г.
Dying Light,14.77 ГБ,2015 г.
BATTLETECH,9.11 ГБ,2018 г.
Street Fighter 30th Anniversary Collection,6.93 ГБ,2018 г.
PayDay 2,36.93 ГБ,2013 г.
Starfield,127.91 ГБ,2023 г.
The Binding of Isaac: Repentance,1.03 ГБ,2021 г.
Automobilista 2,20.82 ГБ,2020 г.
Pacific Drive,19.24 GB,2024 г.
Starbound,705.49 МБ,2016 г.
The Last of Us Part I,45.58 ГБ,2023 г.
Ratchet and Clank: Rift Apart,28.27 ГБ,2023 г.
DARK SOULS: REMASTERED,4.48 ГБ,2018 г.
"Hot Dogs, Horseshoes and Hand Grenades",13.53 ГБ,2016 г.
ZERO Sievert,226.6 МБ,2022 г.
The Isle,3.73 ГБ,2015 г.
The Forest,1.29 ГБ,2018 г.
Totally Accurate Battle Simulator,1.10 ГБ,2021 г.
Tomb Raider I-III Remastered Starring Lara Croft,2.42 GB,2024 г.
Tactical Assault VR,3.05 ГБ,2023 г.
Wobbly Life,703.1 МБ,2020 г.
Left 4 Dead 2,7.84 ГБ,2009 г.
UNDER NIGHT IN-BIRTH II Sys:Celes,2.4 ГБ,2024 г.
BattleBlock Theater,1.51 ГБ,2014 г.
Thief Simulator 2,4.18 ГБ,2023 г.
S.T.A.L.K.E.R. 2: Heart of Chornobyl,193.82 GB,2024 г.
Crab Champions,1.5 ГБ,2023 г.
Sniper Elite V2 Remastered,9.11 ГБ,2019 г.
[NINJA GAIDEN: Master Collection] NINJA GAIDEN Σ2,13.72 ГБ,2021 г.
Risk of Rain 2,1.58 ГБ,2020 г.
Squad,21.9 ГБ,2020 г.
DYNASTY WARRIORS 8: Xtreme Legends Complete Edition,15.67 ГБ,2014 г.
L.A. Noire,11.11 ГБ,2011 г.
Men of War 2,17.8 GB,2024 г.
KINGDOM HEARTS HD 1.5+2.5 ReMIX,42.07 ГБ,2024 г.
Call of Duty: Modern Warfare 2,23.30 ГБ,2009 г.
Beyond Good & Evil - 20th Anniversary Edition,6.99 ГБ,2024 г.
PICO PARK,24.5 МБ,2021 г.
Deep Rock Galactic: Survivor,2.51 ГБ,2024 г.
Tower Unite,1.98 ГБ,2016 г.
STAR WARS: Squadrons,31.53 ГБ,2020 г.
Devil May Cry 5,24.3 ГБ,2019 г.
Counter-Strike: Source,1.92 ГБ,2004 г.
Astro Colony,2.40 ГБ,2022 г.
Neon White,5.51 ГБ,2022 г.
Moss,8.14 ГБ,2018 г.
Ancestors Legacy,11.7 ГБ,2018 г.
"Guns, Gore and Cannoli 2",2.22 ГБ,2018 г.
Kingdom Come: Deliverance,41.9 ГБ,2018 г.
BATTLEFIELD 5,41.93 ГБ,2018 г.
System Shock Remake,8.5 ГБ,2023 г.
Kingdom Rush Origins,470 МБ,2018 г.
Kingdoms and Castles,481 МБ,2017 г.
Total War: WARHAMMER - Chaos Warriors,24.93 GB,2016 г.
Sword Art Online: Fatal Bullet,11.35 ГБ,2018 г.
Resident Evil 3 Remake,14.74 GB,2020 г.
SPORE Galactic Adventures,4.34 ГБ,2009 г.
Waltz of the Wizard: Natural Magic,3.31 ГБ,2019 г.
Shadow of the Tomb Raider: Definitive Edition,21.6 ГБ,2018 г.
DYNASTY WARRIORS 9 Empires,17.83 ГБ,2021 г.
Green Hell,5.30 ГБ,2019 г.
Death Must Die,344 МБ,2023 г.
Buckshot Roulette,604 МБ,2024 г.
Aliens: Fireteam Elite,14.95 ГБ,2021 г.
Aerofly FS 4 Flight Simulator,217.92 ГБ,2022 г.
Gothic 1,1.68 ГБ,2001 г.
Worldless,1.92 ГБ,2023 г.
Dead Space,2.93 ГБ,2008 г.
Wizard of Legend,333.6 МБ,2018 г.
The Chant,34.26 ГБ,2022 г.
Gunfire Reborn,2.11 ГБ,2021 г.
Fortune's Run,814 МБ,2023 г.
Maid of Sker,7.44 ГБ,2020 г.
Swords and Sandals Classic Collection,148 МБ,2019 г.
ROBOBEAT,2.73 ГБ,2024 г.
Stick Fight: The Game,386 МБ,2017 г.
A Way Out,15.9 ГБ,2018 г.
Noita,6.88 ГБ,2020 г.
The Elder Scrolls 4: Oblivion Game of the Year Edition,5.52 ГБ,2007 г.
GreedFall,11.71 ГБ,2019 г.
Ravenswatch,1.29 ГБ,2023 г.
Make Way,402.64 МБ,2023 г.
Succubus,18.41 ГБ,2021 г.
Soulstone Survivors,2.58 ГБ,2022 г.
Arma 3 Laws of War,103.35 ГБ,2017 г.
VTOL VR,877.93 МБ,2017 г.
ACE COMBAT 7: SKIES UNKNOWN,37.15 ГБ,2019 г.
Atelier Ryza: Ever Darkness & the Secret Hideout,8.89 ГБ,2019 г.
Monster Hunter Rise,34.5 GB,2022 г.
Tank Mechanic Simulator,4.15 ГБ,2020 г.
Amnesia: The Bunker,6.34 ГБ,2023 г.
Dead Space Remake,36.56 ГБ,2023 г.
Dreadhunter,626 МБ,2023 г.
Assassins Creed Valhalla,69.01 GB,2022 г.
Dead Rising 4,22.7 ГБ,2017 г.
WolfQuest: Anniversary Edition,6.75 ГБ,2019 г.
Portal Knights,2.48 ГБ,2017 г.
Five Nights at Freddy's: Security Breach,32.11 ГБ,2021 г.
Lords of the Fallen,23.49 ГБ,2023 г.
Incursion Red River,14.67 ГБ,2024 г.
Dead Rising 3 Apocalypse Edition,13.58 ГБ,2014 г.
Suicide Squad: Kill the Justice League,48.78 ГБ,2024 г.
Jump King,894.5 МБ,2019 г.
Dead Cells,1.77 ГБ,2018 г.
Microsoft Flight Simulator X: Steam Edition,8.91 ГБ,2006 г.
The Surge 2,10.65 ГБ,2019 г.
Nightingale,63.3 ГБ,2024 г.
Hellish Quart,8.70 ГБ,2021 г.
STAR WARS Jedi: Survivor,130.07 ГБ,2023 г.
Pavlov VR,13.7 ГБ,2017 г.
Fights in Tight Spaces,878 МБ,2021 г.
Contain,45.69 ГБ,2024 г.
Elite Dangerous,1.53 ГБ,2015 г.
RUMBLE,492.39 МБ,2022 г.
Far Cry 5,43.29 ГБ,2018 г.
Call of Duty: Infinite Warfare,123.80 ГБ,2016 г.
Sherlock Holmes Chapter One,17.83 ГБ,2021 г.
Call of Duty: WW2,131.23 ГБ,2017 г.
BioShock Infinite,38.42 ГБ,2013 г.
Sackboy: A Big Adventure,37.67 ГБ,2022 г.
Assassin's Creed Origins,41.48 ГБ,2017 г.
Injustice 2,33.44 ГБ,2017 г.
The Legend of Heroes: Trails through Daybreak,11.94 ГБ,2023 г.
Alone in the Dark,21.40 GB,2024 г.
Hatsune Miku: Project DIVA Mega Mix+,34.92 GB,2022 г.
Fallout 4 VR,26.43 GB,2017 г.
Trine 5: A Clockwork Conspiracy,14.91 ГБ,2023 г.
Total War: Rome Remastered,32.39 ГБ,2021 г.
Ori and the Will of the Wisps,3.85 ГБ,2020 г.
State of Decay 2,15.11 ГБ,2020 г.
DOOM Eternal,70.68 ГБ,2020 г.
Mass Effect: Andromeda,31.57 ГБ,2017 г.
Yakuza 0,14 ГБ,2018 г.
Unravel Two,4.66 ГБ,2018 г.
Thief Simulator,2.98 ГБ,2018 г.
Alice Madness Returns,3.24 ГБ,2011 г.
Trine Enchanted Edition,3.24 ГБ,2009 г.
Frogsong,259 МБ,2023 г.
The Walking Dead: Saints and Sinners VR,30.9 ГБ,2020 г.
Resident Evil 2 Remake,16.94 ГБ,2019 г.
Bopl Battle,115 МБ,2023 г.
Tainted Grail: The Fall of Avalon,18.02 ГБ,2023 г.
Command & Conquer 3: Kane's Wrath,3.93 ГБ,2009 г.
Command & Conquer: Red Alert 3,6.38 ГБ,2008 г.
,,
,,
,,
,,
,,
,,
,,
,,
,,
,,
,,
,,
,,
,,
,,
,,
,,
,,
,,
,,
,,
,,
,,
,,
,,
,,
,,
,,
,,
,,
,,
,,
,,
,,
,,
,,
,,
,,
,,
,,
,,
,,
,,
,,
,,
,,
,,
,,
,,
,,
,,
,,
,,
,,
,,
,,
,,
,,
,,
,,
,,
,,
,,
,,
,,
,,
,,
,,
,,
,,
,,
,,
,,
,,
,,
,,
,,
,,
,,
,,
,,
,,
,,
,,
,,
,,
,,
,,
,,
,,
,,
,,
,,
,,
,,
,,
